{
  "best_epoch": 1,
  "peak_worker_0_memory_MB": 3331.652,
  "peak_gpu_0_memory_MB": 4357,
  "training_duration": "0:09:17.414588",
  "training_start_epoch": 0,
  "training_epochs": 19,
  "epoch": 19,
  "training_accuracy": 0.9880845323741008,
  "training_alpha": 0,
  "training_affected_people_P": 0.9330405592918396,
  "training_other_useful_information_P": 0.9211058616638184,
  "training_disease_transmission_P": 0.9154906272888184,
  "training_disease_signs_or_symptoms_P": 0.8849515318870544,
  "training_prevention_P": 0.9450212717056274,
  "training_treatment_P": 0.9610535502433777,
  "training_not_related_or_irrelevant_P": 0.9706911444664001,
  "training_deaths_reports_P": 0.984281063079834,
  "training_affected_people_R": 0.8749277591705322,
  "training_other_useful_information_R": 0.8895159363746643,
  "training_disease_transmission_R": 0.9198681116104126,
  "training_disease_signs_or_symptoms_R": 0.9448592066764832,
  "training_prevention_R": 0.9637215733528137,
  "training_treatment_R": 0.9706934094429016,
  "training_not_related_or_irrelevant_R": 0.9823800325393677,
  "training_deaths_reports_R": 0.9843721389770508,
  "training_affected_people_F1": 0.9030501842498779,
  "training_other_useful_information_F1": 0.9050353169441223,
  "training_disease_transmission_F1": 0.91767418384552,
  "training_disease_signs_or_symptoms_F1": 0.9139246344566345,
  "training_prevention_F1": 0.9542797803878784,
  "training_treatment_F1": 0.9658493995666504,
  "training_not_related_or_irrelevant_F1": 0.9765006303787231,
  "training_deaths_reports_F1": 0.9843266010284424,
  "training_class_l2": 22.711597442626953,
  "training_class_l2_std": 0.4004940986633301,
  "training_loss": 0.03767050684784814,
  "training_reg_loss": 0.0,
  "training_worker_0_memory_MB": 3331.652,
  "training_gpu_0_memory_MB": 4357,
  "validation_accuracy": 0.7364532019704434,
  "validation_alpha": 0,
  "validation_affected_people_P": 0.9323468804359436,
  "validation_other_useful_information_P": 0.9193596243858337,
  "validation_disease_transmission_P": 0.9142156839370728,
  "validation_disease_signs_or_symptoms_P": 0.8836767077445984,
  "validation_prevention_P": 0.9443594813346863,
  "validation_treatment_P": 0.9607623219490051,
  "validation_not_related_or_irrelevant_P": 0.9706911444664001,
  "validation_deaths_reports_P": 0.9841944575309753,
  "validation_affected_people_R": 0.8743919730186462,
  "validation_other_useful_information_R": 0.888538658618927,
  "validation_disease_transmission_R": 0.9187192320823669,
  "validation_disease_signs_or_symptoms_R": 0.9434856176376343,
  "validation_prevention_R": 0.9633448719978333,
  "validation_treatment_R": 0.9704703688621521,
  "validation_not_related_or_irrelevant_R": 0.9818584322929382,
  "validation_deaths_reports_R": 0.9841035008430481,
  "validation_affected_people_F1": 0.9024398922920227,
  "validation_other_useful_information_F1": 0.9036864042282104,
  "validation_disease_transmission_F1": 0.9164619445800781,
  "validation_disease_signs_or_symptoms_F1": 0.9126023054122925,
  "validation_prevention_F1": 0.9537577033042908,
  "validation_treatment_F1": 0.9655919075012207,
  "validation_not_related_or_irrelevant_F1": 0.9762428998947144,
  "validation_deaths_reports_F1": 0.9841489791870117,
  "validation_class_l2": 22.711597442626953,
  "validation_class_l2_std": 0.4004940986633301,
  "validation_loss": 1.4624699079073393,
  "validation_reg_loss": 0.0,
  "best_validation_accuracy": 0.7684729064039408,
  "best_validation_alpha": 0,
  "best_validation_affected_people_P": 0.7924050688743591,
  "best_validation_other_useful_information_P": 0.8306105136871338,
  "best_validation_disease_transmission_P": 0.7907801270484924,
  "best_validation_disease_signs_or_symptoms_P": 0.6696245670318604,
  "best_validation_prevention_P": 0.7726161479949951,
  "best_validation_treatment_P": 0.8695651888847351,
  "best_validation_not_related_or_irrelevant_P": 0.7887864708900452,
  "best_validation_deaths_reports_P": 0.8649864792823792,
  "best_validation_affected_people_R": 0.6716738343238831,
  "best_validation_other_useful_information_R": 0.6919770836830139,
  "best_validation_disease_transmission_R": 0.7323480844497681,
  "best_validation_disease_signs_or_symptoms_R": 0.8299492597579956,
  "best_validation_prevention_R": 0.821490466594696,
  "best_validation_treatment_R": 0.8536585569381714,
  "best_validation_not_related_or_irrelevant_R": 0.9088495373725891,
  "best_validation_deaths_reports_R": 0.888170063495636,
  "best_validation_affected_people_F1": 0.7270615696907043,
  "best_validation_other_useful_information_F1": 0.7549824118614197,
  "best_validation_disease_transmission_F1": 0.7604432106018066,
  "best_validation_disease_signs_or_symptoms_F1": 0.7412164807319641,
  "best_validation_prevention_F1": 0.7963040471076965,
  "best_validation_treatment_F1": 0.8615385293960571,
  "best_validation_not_related_or_irrelevant_F1": 0.8445723652839661,
  "best_validation_deaths_reports_F1": 0.87642502784729,
  "best_validation_class_l2": 22.684558868408203,
  "best_validation_class_l2_std": 0.40261656045913696,
  "best_validation_loss": 0.7704149370010083,
  "best_validation_reg_loss": 0.0
}