{
  "best_epoch": 0,
  "peak_worker_0_memory_MB": 3274.148,
  "training_duration": "0:12:03.647859",
  "training_start_epoch": 0,
  "training_epochs": 19,
  "epoch": 19,
  "training_accuracy": 0.9920350457984867,
  "training_alpha": 0,
  "training_other_useful_information_P": 0.9102383255958557,
  "training_donation_needs_or_offers_or_volunteering_services_P": 0.9214526414871216,
  "training_injured_or_dead_people_P": 0.9718148112297058,
  "training_sympathy_and_emotional_support_P": 0.9733007550239563,
  "training_missing_trapped_or_found_people_P": 0.9330475926399231,
  "training_displaced_people_and_evacuations_P": 0.9319069385528564,
  "training_infrastructure_and_utilities_damage_P": 0.9682924747467041,
  "training_caution_and_advice_P": 0.9797255396842957,
  "training_not_related_or_irrelevant_P": 0.9726364016532898,
  "training_other_useful_information_R": 0.8871201276779175,
  "training_donation_needs_or_offers_or_volunteering_services_R": 0.9341126680374146,
  "training_injured_or_dead_people_R": 0.9763746857643127,
  "training_sympathy_and_emotional_support_R": 0.9571821093559265,
  "training_missing_trapped_or_found_people_R": 0.9369834661483765,
  "training_displaced_people_and_evacuations_R": 0.9480048418045044,
  "training_infrastructure_and_utilities_damage_R": 0.9701414704322815,
  "training_caution_and_advice_R": 0.9717246294021606,
  "training_not_related_or_irrelevant_R": 0.9836792349815369,
  "training_other_useful_information_F1": 0.8985305428504944,
  "training_donation_needs_or_offers_or_volunteering_services_F1": 0.9277395009994507,
  "training_injured_or_dead_people_F1": 0.9740894436836243,
  "training_sympathy_and_emotional_support_F1": 0.96517413854599,
  "training_missing_trapped_or_found_people_F1": 0.9350113868713379,
  "training_displaced_people_and_evacuations_F1": 0.9398869872093201,
  "training_infrastructure_and_utilities_damage_F1": 0.9692161679267883,
  "training_caution_and_advice_F1": 0.9757087230682373,
  "training_not_related_or_irrelevant_F1": 0.9781266450881958,
  "training_loss": 0.02257000180376563,
  "training_reg_loss": 0.0,
  "training_worker_0_memory_MB": 3274.148,
  "validation_accuracy": 0.7395577395577395,
  "validation_alpha": 0,
  "validation_other_useful_information_P": 0.9086969494819641,
  "validation_donation_needs_or_offers_or_volunteering_services_P": 0.9196766018867493,
  "validation_injured_or_dead_people_P": 0.9715334177017212,
  "validation_sympathy_and_emotional_support_P": 0.9729941487312317,
  "validation_missing_trapped_or_found_people_P": 0.9322323799133301,
  "validation_displaced_people_and_evacuations_P": 0.931242048740387,
  "validation_infrastructure_and_utilities_damage_P": 0.9678173065185547,
  "validation_caution_and_advice_P": 0.9795575141906738,
  "validation_not_related_or_irrelevant_P": 0.9725511074066162,
  "validation_other_useful_information_R": 0.8861747980117798,
  "validation_donation_needs_or_offers_or_volunteering_services_R": 0.9337349534034729,
  "validation_injured_or_dead_people_R": 0.9763115048408508,
  "validation_sympathy_and_emotional_support_R": 0.956250011920929,
  "validation_missing_trapped_or_found_people_R": 0.9359965920448303,
  "validation_displaced_people_and_evacuations_R": 0.9468965530395508,
  "validation_infrastructure_and_utilities_damage_R": 0.9694107174873352,
  "validation_caution_and_advice_R": 0.9709649085998535,
  "validation_not_related_or_irrelevant_R": 0.9831560254096985,
  "validation_other_useful_information_F1": 0.8972945809364319,
  "validation_donation_needs_or_offers_or_volunteering_services_F1": 0.9266524910926819,
  "validation_injured_or_dead_people_F1": 0.9739165306091309,
  "validation_sympathy_and_emotional_support_F1": 0.9645494222640991,
  "validation_missing_trapped_or_found_people_F1": 0.9341107606887817,
  "validation_displaced_people_and_evacuations_F1": 0.9390040636062622,
  "validation_infrastructure_and_utilities_damage_F1": 0.9686133861541748,
  "validation_caution_and_advice_F1": 0.9752422571182251,
  "validation_not_related_or_irrelevant_F1": 0.977824866771698,
  "validation_loss": 1.6104706800900972,
  "validation_reg_loss": 0.0,
  "best_validation_accuracy": 0.6977886977886978,
  "best_validation_alpha": 0,
  "best_validation_other_useful_information_P": 0.6572052240371704,
  "best_validation_donation_needs_or_offers_or_volunteering_services_P": 0.7207488417625427,
  "best_validation_injured_or_dead_people_P": 0.8121739029884338,
  "best_validation_sympathy_and_emotional_support_P": 0.7948718070983887,
  "best_validation_missing_trapped_or_found_people_P": 0.49924585223197937,
  "best_validation_displaced_people_and_evacuations_P": 0.6097561120986938,
  "best_validation_infrastructure_and_utilities_damage_P": 0.6738794445991516,
  "best_validation_caution_and_advice_P": 0.7829181551933289,
  "best_validation_not_related_or_irrelevant_P": 0.678670346736908,
  "best_validation_other_useful_information_R": 0.4312320947647095,
  "best_validation_donation_needs_or_offers_or_volunteering_services_R": 0.6957831382751465,
  "best_validation_injured_or_dead_people_R": 0.7655737996101379,
  "best_validation_sympathy_and_emotional_support_R": 0.7431507110595703,
  "best_validation_missing_trapped_or_found_people_R": 0.568728506565094,
  "best_validation_displaced_people_and_evacuations_R": 0.6465517282485962,
  "best_validation_infrastructure_and_utilities_damage_R": 0.7556325793266296,
  "best_validation_caution_and_advice_R": 0.7719298005104065,
  "best_validation_not_related_or_irrelevant_R": 0.868794322013855,
  "best_validation_other_useful_information_F1": 0.520761251449585,
  "best_validation_donation_needs_or_offers_or_volunteering_services_F1": 0.7080458998680115,
  "best_validation_injured_or_dead_people_F1": 0.788185715675354,
  "best_validation_sympathy_and_emotional_support_F1": 0.7681416273117065,
  "best_validation_missing_trapped_or_found_people_F1": 0.5317268967628479,
  "best_validation_displaced_people_and_evacuations_F1": 0.6276150345802307,
  "best_validation_infrastructure_and_utilities_damage_F1": 0.7124183177947998,
  "best_validation_caution_and_advice_F1": 0.7773851156234741,
  "best_validation_not_related_or_irrelevant_F1": 0.7620528936386108,
  "best_validation_loss": 0.9899292966494193,
  "best_validation_reg_loss": 0.0
}