{
  "best_epoch": 0,
  "peak_worker_0_memory_MB": 3354.416,
  "training_duration": "0:12:11.446288",
  "training_start_epoch": 0,
  "training_epochs": 19,
  "epoch": 19,
  "training_accuracy": 0.9904420549581839,
  "training_alpha": 0,
  "training_other_useful_information_P": 0.8942721486091614,
  "training_donation_needs_or_offers_or_volunteering_services_P": 0.9243589639663696,
  "training_injured_or_dead_people_P": 0.9739030003547668,
  "training_sympathy_and_emotional_support_P": 0.9703271985054016,
  "training_missing_trapped_or_found_people_P": 0.9573701620101929,
  "training_displaced_people_and_evacuations_P": 0.9303781390190125,
  "training_infrastructure_and_utilities_damage_P": 0.9732914566993713,
  "training_caution_and_advice_P": 0.9682055711746216,
  "training_not_related_or_irrelevant_P": 0.9692146182060242,
  "training_other_useful_information_R": 0.8868306875228882,
  "training_donation_needs_or_offers_or_volunteering_services_R": 0.9303932189941406,
  "training_injured_or_dead_people_R": 0.973822832107544,
  "training_sympathy_and_emotional_support_R": 0.956838846206665,
  "training_missing_trapped_or_found_people_R": 0.9376721978187561,
  "training_displaced_people_and_evacuations_R": 0.9499049782752991,
  "training_infrastructure_and_utilities_damage_R": 0.9678847193717957,
  "training_caution_and_advice_R": 0.9760273694992065,
  "training_not_related_or_irrelevant_R": 0.9829696416854858,
  "training_other_useful_information_F1": 0.890535831451416,
  "training_donation_needs_or_offers_or_volunteering_services_F1": 0.9273662567138672,
  "training_injured_or_dead_people_F1": 0.9738629460334778,
  "training_sympathy_and_emotional_support_F1": 0.9635358452796936,
  "training_missing_trapped_or_found_people_F1": 0.947418749332428,
  "training_displaced_people_and_evacuations_F1": 0.9400401711463928,
  "training_infrastructure_and_utilities_damage_F1": 0.9705805778503418,
  "training_caution_and_advice_F1": 0.9721007943153381,
  "training_not_related_or_irrelevant_F1": 0.976043701171875,
  "training_class_l2": 22.665197372436523,
  "training_class_l2_std": 0.3702380359172821,
  "training_loss": 0.031223839445478598,
  "training_reg_loss": 0.0,
  "training_worker_0_memory_MB": 3354.416,
  "validation_accuracy": 0.7248157248157249,
  "validation_alpha": 0,
  "validation_other_useful_information_P": 0.8925297856330872,
  "validation_donation_needs_or_offers_or_volunteering_services_P": 0.9228411316871643,
  "validation_injured_or_dead_people_P": 0.9733715653419495,
  "validation_sympathy_and_emotional_support_P": 0.9696916937828064,
  "validation_missing_trapped_or_found_people_P": 0.9566628932952881,
  "validation_displaced_people_and_evacuations_P": 0.9296512007713318,
  "validation_infrastructure_and_utilities_damage_P": 0.9726313948631287,
  "validation_caution_and_advice_P": 0.9682138562202454,
  "validation_not_related_or_irrelevant_P": 0.9692146182060242,
  "validation_other_useful_information_R": 0.8858166337013245,
  "validation_donation_needs_or_offers_or_volunteering_services_R": 0.9294427633285522,
  "validation_injured_or_dead_people_R": 0.9737704992294312,
  "validation_sympathy_and_emotional_support_R": 0.9559931755065918,
  "validation_missing_trapped_or_found_people_R": 0.936855673789978,
  "validation_displaced_people_and_evacuations_R": 0.9489654898643494,
  "validation_infrastructure_and_utilities_damage_R": 0.9669843912124634,
  "validation_caution_and_advice_R": 0.9752631783485413,
  "validation_not_related_or_irrelevant_R": 0.9824467897415161,
  "validation_other_useful_information_F1": 0.8891605138778687,
  "validation_donation_needs_or_offers_or_volunteering_services_F1": 0.9261301159858704,
  "validation_injured_or_dead_people_F1": 0.9735709428787231,
  "validation_sympathy_and_emotional_support_F1": 0.9627937078475952,
  "validation_missing_trapped_or_found_people_F1": 0.9466556906700134,
  "validation_displaced_people_and_evacuations_F1": 0.9392090439796448,
  "validation_infrastructure_and_utilities_damage_F1": 0.9697996973991394,
  "validation_caution_and_advice_F1": 0.9717257618904114,
  "validation_not_related_or_irrelevant_F1": 0.9757858514785767,
  "validation_class_l2": 22.665197372436523,
  "validation_class_l2_std": 0.3702380359172821,
  "validation_loss": 1.606901120681029,
  "validation_reg_loss": 0.0,
  "best_validation_accuracy": 0.687960687960688,
  "best_validation_alpha": 0,
  "best_validation_other_useful_information_P": 0.4727272689342499,
  "best_validation_donation_needs_or_offers_or_volunteering_services_P": 0.7004991769790649,
  "best_validation_injured_or_dead_people_P": 0.8402255773544312,
  "best_validation_sympathy_and_emotional_support_P": 0.767754316329956,
  "best_validation_missing_trapped_or_found_people_P": 0.653333306312561,
  "best_validation_displaced_people_and_evacuations_P": 0.5844370722770691,
  "best_validation_infrastructure_and_utilities_damage_P": 0.7784313559532166,
  "best_validation_caution_and_advice_P": 0.6356382966041565,
  "best_validation_not_related_or_irrelevant_P": 0.649193525314331,
  "best_validation_other_useful_information_R": 0.48424068093299866,
  "best_validation_donation_needs_or_offers_or_volunteering_services_R": 0.634036123752594,
  "best_validation_injured_or_dead_people_R": 0.7327868938446045,
  "best_validation_sympathy_and_emotional_support_R": 0.6849315166473389,
  "best_validation_missing_trapped_or_found_people_R": 0.5051546096801758,
  "best_validation_displaced_people_and_evacuations_R": 0.6086207032203674,
  "best_validation_infrastructure_and_utilities_damage_R": 0.6880415678024292,
  "best_validation_caution_and_advice_R": 0.8385964632034302,
  "best_validation_not_related_or_irrelevant_R": 0.8563829660415649,
  "best_validation_other_useful_information_F1": 0.47841471433639526,
  "best_validation_donation_needs_or_offers_or_volunteering_services_F1": 0.6656125783920288,
  "best_validation_injured_or_dead_people_F1": 0.7828370928764343,
  "best_validation_sympathy_and_emotional_support_F1": 0.7239819169044495,
  "best_validation_missing_trapped_or_found_people_F1": 0.569767415523529,
  "best_validation_displaced_people_and_evacuations_F1": 0.5962837934494019,
  "best_validation_infrastructure_and_utilities_damage_F1": 0.7304508090019226,
  "best_validation_caution_and_advice_F1": 0.7231467366218567,
  "best_validation_not_related_or_irrelevant_F1": 0.7385320663452148,
  "best_validation_class_l2": 22.63592529296875,
  "best_validation_class_l2_std": 0.3712165951728821,
  "best_validation_loss": 0.9901046890478867,
  "best_validation_reg_loss": 0.0
}