{
  "best_epoch": 0,
  "peak_worker_0_memory_MB": 3325.344,
  "peak_gpu_0_memory_MB": 4337,
  "training_duration": "0:09:14.373684",
  "training_start_epoch": 0,
  "training_epochs": 19,
  "epoch": 19,
  "training_accuracy": 0.9876348920863309,
  "training_alpha": 0,
  "training_affected_people_P": 0.944474458694458,
  "training_other_useful_information_P": 0.9310318827629089,
  "training_disease_transmission_P": 0.9066892862319946,
  "training_disease_signs_or_symptoms_P": 0.8970387578010559,
  "training_prevention_P": 0.9517389535903931,
  "training_treatment_P": 0.9595603942871094,
  "training_not_related_or_irrelevant_P": 0.968207061290741,
  "training_deaths_reports_P": 0.9851006865501404,
  "training_affected_people_R": 0.8836705088615417,
  "training_other_useful_information_R": 0.8898053765296936,
  "training_disease_transmission_R": 0.9252266883850098,
  "training_disease_signs_or_symptoms_R": 0.9482524394989014,
  "training_prevention_R": 0.9618989825248718,
  "training_treatment_R": 0.9747928380966187,
  "training_not_related_or_irrelevant_R": 0.9868956804275513,
  "training_deaths_reports_R": 0.9904752969741821,
  "training_affected_people_F1": 0.913061261177063,
  "training_other_useful_information_F1": 0.9099518656730652,
  "training_disease_transmission_F1": 0.9158641695976257,
  "training_disease_signs_or_symptoms_F1": 0.921934962272644,
  "training_prevention_F1": 0.9567920565605164,
  "training_treatment_F1": 0.96711665391922,
  "training_not_related_or_irrelevant_F1": 0.977462112903595,
  "training_deaths_reports_F1": 0.9877806901931763,
  "training_loss": 0.03610384775151452,
  "training_reg_loss": 0.0,
  "training_worker_0_memory_MB": 3325.344,
  "training_gpu_0_memory_MB": 4337,
  "validation_accuracy": 0.7561576354679803,
  "validation_alpha": 0,
  "validation_affected_people_P": 0.9439473748207092,
  "validation_other_useful_information_P": 0.9289830327033997,
  "validation_disease_transmission_P": 0.905942976474762,
  "validation_disease_signs_or_symptoms_P": 0.8956250548362732,
  "validation_prevention_P": 0.9513031840324402,
  "validation_treatment_P": 0.9592763781547546,
  "validation_not_related_or_irrelevant_P": 0.9681257605552673,
  "validation_deaths_reports_P": 0.9850142598152161,
  "validation_affected_people_R": 0.882975697517395,
  "validation_other_useful_information_R": 0.8892549872398376,
  "validation_disease_transmission_R": 0.9236453175544739,
  "validation_disease_signs_or_symptoms_R": 0.9473773241043091,
  "validation_prevention_R": 0.9615251421928406,
  "validation_treatment_R": 0.974651575088501,
  "validation_not_related_or_irrelevant_R": 0.9864601492881775,
  "validation_deaths_reports_R": 0.990203320980072,
  "validation_affected_people_F1": 0.9124440550804138,
  "validation_other_useful_information_F1": 0.9086849689483643,
  "validation_disease_transmission_F1": 0.9147084951400757,
  "validation_disease_signs_or_symptoms_F1": 0.9207746386528015,
  "validation_prevention_F1": 0.9563868641853333,
  "validation_treatment_F1": 0.9669028520584106,
  "validation_not_related_or_irrelevant_F1": 0.9772070050239563,
  "validation_deaths_reports_F1": 0.9876019954681396,
  "validation_loss": 1.2908074041971793,
  "validation_reg_loss": 0.0,
  "best_validation_accuracy": 0.7635467980295566,
  "best_validation_alpha": 0,
  "best_validation_affected_people_P": 0.7977099418640137,
  "best_validation_other_useful_information_P": 0.796407163143158,
  "best_validation_disease_transmission_P": 0.6064000129699707,
  "best_validation_disease_signs_or_symptoms_P": 0.699999988079071,
  "best_validation_prevention_P": 0.7318840622901917,
  "best_validation_treatment_P": 0.7352024912834167,
  "best_validation_not_related_or_irrelevant_P": 0.6381579041481018,
  "best_validation_deaths_reports_P": 0.8050000071525574,
  "best_validation_affected_people_R": 0.5979971289634705,
  "best_validation_other_useful_information_R": 0.5716332197189331,
  "best_validation_disease_transmission_R": 0.6223316788673401,
  "best_validation_disease_signs_or_symptoms_R": 0.769881546497345,
  "best_validation_prevention_R": 0.7001733183860779,
  "best_validation_treatment_R": 0.8222996592521667,
  "best_validation_not_related_or_irrelevant_R": 0.8584070801734924,
  "best_validation_deaths_reports_R": 0.8927911520004272,
  "best_validation_affected_people_F1": 0.6835649609565735,
  "best_validation_other_useful_information_F1": 0.6655546426773071,
  "best_validation_disease_transmission_F1": 0.6142626404762268,
  "best_validation_disease_signs_or_symptoms_F1": 0.7332795858383179,
  "best_validation_prevention_F1": 0.7156776189804077,
  "best_validation_treatment_F1": 0.7763157486915588,
  "best_validation_not_related_or_irrelevant_F1": 0.7320755124092102,
  "best_validation_deaths_reports_F1": 0.846625804901123,
  "best_validation_loss": 0.6834014754455823,
  "best_validation_reg_loss": 0.0
}